[
  {
    "nom": "Chapeau Betsileo",
    "prix": 15,
    "image": "/storage/emulated/0/Pictures/facebook/1744857197837.jpg",
    "categorie": "vetements",
    "description": "Un joli chapeau traditionnel malgache pour toutes les saisons."
  },
  {
    "nom": "Lamba Malagasy",
    "prix": 120,
    "image": "images/Lamba.jpg",
    "categorie": "vetements",
    "description": "Un tissu culturel et coloré typique de Madagascar."
  },
  {
    "nom": "Bracelet Artisan",
    "prix": 35,
    "image": "images/Art.jpg",
    "categorie": "accessoires",
    "description": "Accessoire fait main par des artisans locaux. Idéal pour un cadeau."
  },
  {
    "nom": "Écouteurs Bluetooth",
    "prix": 65,
    "image": "images/ecouteurs.jpg",
    "categorie": "electronique",
    "description": "Écouteurs sans fil avec réduction de bruit et longue autonomie."
  },
  {
    "nom": "Montre connectée",
    "prix": 99,
    "image": "images/montre.jpg",
    "categorie": "electronique",
    "description": "Suivez votre santé et vos activités avec élégance."
  }
]
